{"cameraMode":{"drawMode":0,"name":"Shaded","section":"Shading Mode"},"sceneLighting":true,"audioPlay":false,"sceneViewState":{"m_AlwaysRefresh":false,"showFog":true,"showSkybox":true,"showFlares":true,"showImageEffects":true,"showParticleSystems":true,"showVisualEffectGraphs":true,"m_FxEnabled":true},"in2DMode":false,"pivot":{"x":-3.755863666534424,"y":-2.5878844261169435,"z":-111.76905822753906},"rotation":{"x":0.007441705092787743,"y":-0.992303192615509,"z":0.07487286627292633,"w":0.09876945614814758},"size":14.233399391174317,"orthographic":false}